,measured_Tc,materials_family
Al0.75Ge0.25Nb0.003,20.7,others
Bi0.3Zn0.7,1.51,others
Pb0.36Sn0.64,7.75,others
Sb0.28Tl0.72,5.2,others
Nb0.33Ti0.67,9.3,others
In0.7Sn0.3,7.3,others
Bi0.65Pb0.35,8.8,others
Bi0.35Pb0.65,8.7,others
In1V3,13.9,others
Fe1Te0.65Se0.35,15.0,iron-based
Hg1,4.2,others
Ga0.1Ge0.9,5.3,others
Al1Ge1Nb3,19.5,others
Ag1.2Mo4.8S6,8.9,others
Pd0.5Ag0.5Th2,1.2,others
Ag0.8Ga0.2,6.5,others
Na1Fe2Se2,46.0,iron-based
Nb2.34Zr0.66Sn1,17.7,others
Ag0.7Mo3Se4,5.96,others
Mo3S4Sn0.6,14.2,others
Rb2Fe4Se5,32.0,iron-based
Cu1Mo4S5,11.0,others
Mo5.1Pb1S6,14.4,others
Pb1Mo5.1S4,14.51,others
B2Mg0.988Sc0.012,41.4,others
Ag1Nb3,8.28,others
Ba0.82K0.18Bi0.53Pb0.47,22.8,others
Bi2Te1,8.6,others
Bi1In2,5.584,others
C1.5La0.9Th0.1,12.9,others
Pb0.98Cu0.036Mo6S8,14.8,others
Nb3Ge1,23.2,others
Cu0.14Bi2Te3,6.0,others
Th1.6Lu0.4C3,10.9,others
La3Tl1,8.905,heavy-Fermion
Ag2F1,0.066,others
Ag2In1,2.11,others
Cs1I1,2.0,others
Nb1P1S1,12.5,others
Ag2Pb3S1,1.13,others
Y1Pd3B3C0.3,22.0,others
Al0.77Ge0.23Nb3,20.75,others
Ag3.3Al1,0.34,others
Ag4Ge1,0.85,others
K1Os2O6,9.60375,others
Ag5Pb2O6,0.0502,others
Pb1Te1Pb1S1,6.03,others
Y1Rh4Si2B1,9.0,others
Tl0.25Li0.25Ba2Ca2Cu3.5O7.955,117.0,cuprate
Eu3Bi2S4F4,1.425,others
Ag7F2H1O8,1.5,others
Y1Th3.4Ru0.6B4,9.4,heavy-Fermion
Mg0.3Hf1N1Cl1,25.0,others
Ag7F0.25N0.75O10.25,1.04,others
Bi6S5O8,2.4,others
Ca1Fe0.93Co0.07F1,9.1,others
Ca0.8La0.2Fe1As1H1,40.6,iron-based
Sr1.6Ba0.4Cu1F2O2,60.0,cuprate
Ag7O11N1,1.04,others
Si0.3V0.7,16.95,others
Au64Ge22Yb14,0.68,heavy-Fermion
Nb0.79Al0.16Ge0.05,21.0,others
Nb3Sn0.91Ga0.09,18.3,others
Ce0.16La0.84,8.7,others
Be0.86Pb0.14,9.7,others
Fe1Se0.75Te0.25,13.3,iron-based
Ga0.25Si0.75V3,18.6,others
Nb3Ga0.67Al0.33,18.1,others
B5Mo1.69Zr0.31,11.2,others
Al0.39Mg0.61,1.5,others
Al0.5Ga0.5Nb3,19.0,others
Ga1Si1V3,18.6,others
Nb1C0.5N0.5,17.9,others
Al0.5Mo5S6Sn1,14.2,others
B3Mo6S8Sn1,15.0,others
Al0.75Ge0.25Nb3.8,20.34,others
Al0.95Nb3Sb0.5,17.81,others
Al13Os3.2Ru0.8,4.0,others
Mo1Ru1P1,15.5,others
Y1Os3B2,6.0,others
Al13Os4,5.4,others
Al1Au4,0.55,others
In1La3,9.61,heavy-Fermion
Cu1La1,6.0,heavy-Fermion
Ba1Ge2,4.93,others
Mo3Os1,11.0225,others
Nb2Pd0.81S5,6.6,others
Nb1C0.28N0.78,17.9,others
Nb2.5Sn1V0.5,14.2,others
Nb1C0.5Ni0.5,17.3,others
Ba1Pb0.75Bi0.253,12.5,others
Nb3Sn0.4Sb0.6,12.4,others
Sc0.75Th0.25Rh4B4,8.74,others
Al1Sc1Au2,4.4,others
B0.6C0.4Sr0.5Ba1.5Ca2Cu3O9,119.0,cuprate
Fe2As2Ca6Al1.32Ti2.68O12,36.0,iron-based
Tl0.5Ba2Ca1Be2Cu4.5O9.948,110.0,cuprate
Hg0.85Re0.15Ba1.44Sr0.56Ca2Cu3O8,128.7,cuprate
Bi1.7Pb0.3Sr2Ca2Cu3F0.8O9.2,117.6,cuprate
Tl1Sr2Ca0.5Y0.5Cu2O6.89,92.0,cuprate
Tl2Ca2Ba2Cu3O10,118.975,cuprate
Al1Sr2Ca2Cu3O9.9,77.0,cuprate
Hg0.66Pb0.34Ba2Ca1.98Cu2.9O8.4,143.0,cuprate
Tl0.6Pb0.2Bi0.2Sr1.8Ba0.2Ca2Cu3O9,122.0,cuprate
Ba2Ca2Cu3F1.2O6.8,120.0,cuprate
Hg1Ba2Ca1Cu2O6.21,127.0,cuprate
Hg1Ba2Ca1Cu2O6.22,127.0,cuprate
Tl0.5Pb0.5Sr2Ca0.8Y0.2Cu2O7,105.2,cuprate
Pb2Sr2Ho0.5Ca0.5Cu2.94Pt0.06O8,80.4,cuprate
Ge1Ta3,8.0,others
Rh1Zr3,7.65,others
La1Al2,3.23,heavy-Fermion
Ga0.2V2Al20,1.655,others
V2Hf0.84Nb0.16,10.67,others
Al20.3V20,1.49,others
Au0.7Nb3Pt0.3,12.5,others
Mg1B1.5C0.5,27.25,others
Mo3Al2C1,10.0,others
Ca0.875Pr0.125Fe2As2,49.0,iron-based
Sr1Pt2Ge2,10.2,others
U0.9Np0.1Co1Ga5,7.2,heavy-Fermion
Mg1.995Mn0.005B2,37.7,others
Nb3Rh0.02Pt0.98,9.6,others
Nb5Si2.4B0.6,7.8,others
Al2Th3,2.6,heavy-Fermion
Nb50Zr50,10.2,others
Al3Nb3,18.4,others
Th1.4Lu0.3C3,11.7,others
C6Yb1,6.4966669999999995,others
Al5Re24,3.35,others
Re24Ti5,6.6,others
Al6Re1,1.85,others
Be22Os0.005Re1,9.8,others
Ba1Si2,5.3,others
Am1,1.2775,others
As0.1P0.9,9.9,others
C1.55Th0.3Y0.7,17.0,others
Nd1Fe1As1O0.2,54.0,iron-based
In0.5La3Tl0.5,8.9,others
Fe1Se0.5Te0.5,15.0,iron-based
As1,1.825,others
Ba0.9K0.1Pb1O3,30.0,others
Ba0.61K0.39Bi1O3,31.5,others
Gd0.8Th0.2Fe1As1O1,56.5,iron-based
As1Bi1Pb1Sb1,9.0,others
Bi1Pb1Sr0.2Pr0.2Cu1O6,15.0,cuprate
Ba0.5K0.5Bi1O3,34.0,others
Cr1Ti3,3.7,others
As1Pb1,8.4,others
Pd0.55Cu0.45H0.7,16.6,others
Bi1Pd2,4.2,others
Pd5Se2,2.3,others
Rh1Zr2,11.165,others
Cd1C1Ni3,3.1333330000000004,others
As2Te3,4.4,others
C0.75Mo1,14.7,others
La1Sn3,6.358286,heavy-Fermion
Mo0.4W0.6C1,11.3,others
As3La4,6.5,heavy-Fermion
P3Sn4,1.24,others
Zr0.61Rh0.285O0.105,11.8,others
Au0.15Sb0.85,8.1,others
Au0.098Pd0.02Ga2,1.51,others
Fe0.02Te0.8Se0.2,13.6,others
Nb1C0.5N0.47,17.4,others
V0.003Ga0.974Pb0.026,13.2,others
Y1Cu2.99Zn0.01O7,86.6,cuprate
Y1Pd2Sn1,4.993333,others
Mg0.4Ti0.6B2,37.6,others
Ir0.93Te2,4.7,others
Ga2Mo1,9.5,others
La1Ni1Ga2,1.97,heavy-Fermion
Au1Ga40Mo8,9.4,others
Y1Ba1.95La0.05Cu3O6.9,99.0,cuprate
Sr1Pt2.4Pd0.6P1,6.57,others
Hg1Sm0.5In0.5Pb2,6.9,others
Ba1Pt3Au1Ge12,7.0,others
Be1W1,4.1,others
Lu1Tc2,9.9,heavy-Fermion
Er1Pb2,7.4,heavy-Fermion
Na1Pb3,5.62,others
Sb2Tl7,5.2,others
Sc1Tc2,10.9,others
Au1Ta4.3,0.51,others
Au1Tl2,4.25,others
Au1Zn3,1.245,others
Au2Pb1,2.6575,others
Au30Pd3.3Te66.6,2.6,others
Au3Te5,1.62,others
Au5Sn1,0.9,others
Ca1Li2,13.0,others
C0.9S0.1,36.5,others
Mo0.3Si1,11.7,others
Mo0.39Ru0.61,6.9,others
B1,8.5,others
Mg0.927Al0.073B1,33.0,others
B105,1.5,others
Mg1.9Cu0.1B12,37.3,others
B12Li2.5,6.62,others
Y1Pd4B1C0.2,21.0,others
Mo1.8Rh0.2B1C1,9.1,others
B1I3,1.86,others
Nb2.5Sn1Ta0.5,17.6,others
Mo1Ni1P1,15.5,others
Be12Mg1Re1,10.1,others
Fe3Re2,6.55,others
Mo1Re3,9.89,others
B1Sr2Ca3Cu4O11,110.0,cuprate
Tl1.4Ba2Ca3Cu4O11.4,118.0,cuprate
B1Sr2Ca4Cu5O13,85.0,cuprate
Tl2Ba2Ca4Cu5O14,124.0,cuprate
W1.75Ru1.25B2,3.38,others
C0.148N0.638Ta1,12.01,others
Nb1Sn1Ta2,10.8,others
Nb0.5W0.5C1,12.5,others
Ta2Zr1,2.3,others
C1W2,3.835,others
Nb0.76Sn0.74,18.1,others
B2.6Nb1,10.9,others
B2Nb0.4,6.57,others
Mo1Ru1,10.0,others
Th1Pd3B3C1,21.5,heavy-Fermion
B3Re7,3.19,others
Ru7B3,3.05,others
B5Nb1.9Y0.1,9.3,others
B6Y6,7.5,others
B6Nd1,3.0,heavy-Fermion
Ba1Pb0.35Hg0.4Bi0.25O3,10.7,others
Mo4P3,2.75,others
Lu1.8Ba0.2Cu1O4,71.9,cuprate
Ca0.27Sr0.63Cu1O2,110.0,cuprate
La2Cu1O4.086,45.2,cuprate
Sr1.68Ba0.32Cu1O3.4,88.0,cuprate
Sr0.42K0.58Fe2As2,36.0,iron-based
Rh2Sr1,6.2,others
K0.21Ti1N1Br1,17.2,others
Li0.3Ti1.1S2,13.0,others
Ba0.64K0.34Fe2As2,39.0,iron-based
Sr1.4Ba0.6Cu1O3.4,98.0,cuprate
Ba0.5K0.5Fe2As2,38.0,iron-based
Sm1Fe1As1F0.6O0.6,55.0,iron-based
Ba0.5K0.5Fe2As2O1,36.0,iron-based
Tl1Ba1Ca1Cu2O5.5,114.0,cuprate
Ba0.5Na0.5Fe2As2,32.8,iron-based
Mg0.5Co0.5B2,31.5,others
Sr1Pt3P1,8.375,others
Ba0.8Rb0.2Ti2Sb2O1,6.19,others
Ba1,3.4375,others
Y1Ba1Sr1Cu3O6.9,92.0,cuprate
Yb0.9Ca0.1Ba1.4Sr0.6Cu4O8,85.0,cuprate
Ce1Fe1As1H0.6O0.6,45.8,iron-based
Eu1.6Ce0.4Sr2Ru1Cu2O10,32.0,cuprate
Sr2Ca2Cu3O5.5,109.0,cuprate
Bi2Sr2.65Ca0.35Cu2O8,93.6,cuprate
Yb1Ba2Cu3O6.9,92.8,cuprate
Y1Ba1.975La0.025Cu3O6.95,99.0,cuprate
Gd0.45Ca0.4Mo0.15Ba2Cu3O6.537,73.0,cuprate
Pb7Bi3,9.05,others
Sr1Cs1Fe4As4,36.8,iron-based
Sr2Ho1Ru0.9Cu0.1O6,30.0,others
Ba1Fe2As1.3P0.7,30.25,iron-based
Ba1Fe1.9Se3,11.0,iron-based
Ba1Fe2As3,35.4,iron-based
Ba1Ge3,4.0,others
Hg1Pb2.3,6.0,others
Zr1Ru4P2,11.0,others
La3Ir2Ge2,4.7,heavy-Fermion
Hg1Ba2Cu1O4.081,98.0,cuprate
Gd1Sm1Ni2,4.5,heavy-Fermion
Y1Ni2B2C1,23.0,others
Lu5Ir4Si9Ge1,6.38,heavy-Fermion
V75Si2.57Ga22.4,13.32,others
Ir0.25Mo0.75Nb2.25Pt0.75,6.5,others
La1Pd0.8Sb2,3.25,heavy-Fermion
Nb79.5Sn2.1Al6.1Ge12.3,9.4,others
Ca9.68Ho0.32Pt3Fe10As18,19.5,iron-based
Ca10Pt4Fe10As18,38.0,iron-based
La1Pt4Ge12,8.253333,heavy-Fermion
Ca1Rh2,6.4,others
Cu1.2Rh1.8S4,5.08,others
Fe2As2Sr4Mg0.4Ti1.6O6,28.0,iron-based
Ba1Ti2Sb0.8Bi1.2O1,4.02,others
Bi0.6Pb0.2S0.2Sr2Ca0.7Nd0.3Cu2O6.95,80.0,cuprate
Ba1Ti2Sb1.4Sn0.6O1,2.49,others
Ba24Si100,1.475,others
Pd0.5Bi2Te3,5.5,others
Bi3S3O3,5.1,others
Ba2Bi2.75Sb0.25,4.46,others
Ba2Ca1Cu2F1.4O4.6,106.0,cuprate
Ba2Ca1Cu2F1.6O4.4,108.0,cuprate
Ba2Ca3Cu4O10.35,116.0,cuprate
La0.5Th0.5Sn3,4.67,others
Ba2Sn3Sb6,3.9,others
Ba7Ca1Si46,7.65,others
Ba2Sr6Si46,4.1,others
Ba2Ti2Fe2As4O1,20.125,iron-based
Ba3Ir4Ge16,6.1,others
Sc5Ir4Si10,8.311428999999999,others
C60Rb2,29.0,others
Ba4C60,6.75,others
Ba4Ca4Si46,3.7,others
Ba4Sr4Si46,5.3,others
Ba4Ir8Ge28,3.2,others
Na2Cs1C60,11.328571,others
Ba4Na2Ge25,0.84,others
Ba4Sr2Nb10O30,0.98,others
Y2La0.15Ba3.85Cu6O13.99,93.2,cuprate
Ba5Sr1Nb10O30,0.96,others
Ba7.76Si46,8.5,others
Ba6.63Si46,6.0,others
Ba6C60,7.0,others
Ca2Nb1O4,8.9,others
Ba6Sr2Si46,7.2,others
Ba6Ge25,0.24,others
Ba6Nb10O30,1.625,others
Zr33.3V56.7Nb9.9,5.34,others
Ba8Ge46,10.0,others
Ba8Ga16Ge30,7.5,others
Ba8Ge42Co4,7.0,others
Ba8Si23Ge23,2.28,others
Ba8Si25Ge21,2.8,others
Ba8Si28Ge18,3.12,others
Ba8Si31Ge15,3.91,others
La1Pt4Ge15,4.98,heavy-Fermion
Ba8Si34Ge12,4.0,others
Ba8Si37Ge9,5.0,others
Ba8Si38Al8,3.0,others
Ba8Si39Al7,4.0,others
Ba8Si40Al6,5.6,others
Ba8Si40Ge6,6.0,others
Ba8Si40Ga6,3.3,others
Ba8Si41Al5,6.0,others
Ba8Si42Cu4,2.9,others
Ca2Al2.73Si4.27,6.4,others
Ba8Si43Ge3,7.1,others
Ba8Si44Al2,5.85,others
Be13Ga1,5.6,others
U1Be12.9896B0.0104,1.89,heavy-Fermion
Be17Nb2,1.47,others
Be21Ni5,0.72,others
Tc0.5W0.5,7.52,others
Be2Ga1,6.3,others
Be2Nb1.5Ta1.5,1.7,others
Be3Ga1,6.7,others
Be5Os1,9.2,others
Ir0.58Rh0.36Se2,9.6,others
Be6Ga1,6.0,others
Be8Ga1,5.7,others
Be8Nb5Zr2,5.2,others
Zr2Rh1H0.7,6.0,others
Be9.8Re0.02,9.5,others
La1Ba2Cu3O6.85,93.0,cuprate
Sr2Ca1Cu2.8O7.5,83.0,cuprate
Y1Ba2Cu3H1O7,93.2,cuprate
La1.65Ba1.5Ca0.35Cu3O6.79,72.0,cuprate
Cd0.1Pd0.9,6.92,others
Y1Ba2La1.94Cu3O6.963,91.8,cuprate
Bi0.5La1Y0.5Sr1Cu2O6.04,30.0,cuprate
Tl1Sr1.5La0.5Ca1Cu2O7,90.0,cuprate
Bi0.8Nd0.1Tb0.1Pb1Sr2Ca2Cu3O10,115.25,cuprate
Bi3.9Co0.1S3O4,5.215,others
Hg0.76Tl0.76Ba1Cu1O4.5,87.5,cuprate
Pb0.5Sr2Ca1Cu2.5O6.8,115.0,cuprate
Bi1Pb1Sr2Y0.5Ca0.5Cu2O8,85.0,cuprate
La1.9Gd1.1Ca1Ba2.4Sr0.6Cu6.58In0.42O16.554,58.0,cuprate
La1.5Nd0.5Ca1Ba2Cu4.5Mo0.5O11.119,50.0,cuprate
Tl1Sr1.5Nd0.5Ca1Cu2O7,88.0,cuprate
Pb2Sr2Y0.5Ca0.5Cu3F0.8115O7.3458,78.0,cuprate
Bi1.4Pb0.6Sr2Ca1.4Ga0.6Cu3O7,70.6,cuprate
Bi1.5Ga0.5Sr1.8Ca1.2Cu2O8,41.0,cuprate
Bi1La4Pb2,2.5,heavy-Fermion
La2.1Gd0.7Ca1.4Ba2.8Cu0.7O16.471,79.0,cuprate
Bi1.7Pb0.3Sr2Ca2Cu3F0.2O9.8,111.0,cuprate
Ca1La1Ba1Cu2.8P0.2O7,90.0,cuprate
Hg0.4Pr1.1Sr2Ca0.5Cu2O7.9,76.0,cuprate
Nd0.5Ca0.5Ba0.6La0.4Cu3O6.77,80.5,cuprate
Bi10.1In0.9,5.05,others
Bi12S11O18,4.0,others
Nb1B0.2Rh3,6.4,others
Rh3Bi14,2.94,others
Co0.6Rh0.4Zr2,8.0,others
Rb0.75Fe1.6Se1.5S0.5,28.0,iron-based
Bi3In5,4.189,others
Bi1K1,3.6,others
La1.9Th0.1C1.35,12.7,others
Li1Pb1,7.2,others
Bi1Ni1,4.25,others
O1V3Zr3,7.5,others
Nb2S2C1,7.6,others
Eu1Ba2Cu3S1O6,85.0,cuprate
Gd1Ba1Sr1Cu3O6.94,86.0,cuprate
Sm1Ba1Sr1Cu3O6.94,80.0,cuprate
Bi2Cs1,4.75,others
Mg1C1Ni2.9Fe0.1,8.58,others
Bi2Pd3,3.7,others
Bi2Rb1,4.25,others
La0.6Rh4P12,17.0,heavy-Fermion
La2Rh3Si5,4.4,heavy-Fermion
Ca0.4Nd0.6Fe1As1F1,54.0,iron-based
La1Bi1S2F0.4O0.6,10.26,others
Bi2Se3,4.898,others
Bi2Sr2Ca0.7Y0.3Cu2I1O8,79.0,cuprate
Tl1Sr1.5Pr0.5Ca1Cu2O7,88.0,cuprate
Bi2Sr2Ca0.5Y0.5Cu2I1O8,31.0,cuprate
Bi2Sr2Dy1.64Ce0.36Cu2O10.26,27.0,cuprate
Bi2Sr2Gd1.64Ce0.36Cu2O10.24,34.0,cuprate
Bi2Sr2Ho1.64Ce0.36Cu2O10.22,24.0,cuprate
Nd2Tl2Sr2Cu3O11,44.0,cuprate
Ca8.45Sm1.55Pt3Fe10As18,28.0,iron-based
Y2La0.6Ba3.4Cu6O14.02,60.0,cuprate
Bi2Y3,2.25,others
La5Ru2,2.35,heavy-Fermion
La1Zn1,1.04,heavy-Fermion
Tl2Ba2Ca5Cu6O16,120.0,cuprate
V0.5Sr2.7Ca2.3Cu4.5O11.6,107.0,cuprate
Bi4Sr4Ca1.8Tm0.2Cu4O16.38,83.9,cuprate
Bi4Te3,3.5,others
Bi4Sr3Ca1.5Y1.5Cu4O16,86.1,cuprate
Hg1Tl1Ba2Ca3Cu4O12,110.0,cuprate
Bi4Sr4Ca1.5Tm0.5Cu4O16.5,84.3,cuprate
Bi4Sr4Ca0.5Tm1.5Cu4O16.91,1.5,cuprate
Bi5Tl3,6.4,others
Bi8Sr5Ca7Cu9O34.94,74.4,cuprate
Bi8Sr8Ca4Cu9O34.16,94.2,cuprate
Bi8Sr6Ca6Cu9O33.912,85.0,cuprate
Br2,1.4,others
Nb0.25Sn0.25Ta0.5,10.8,others
Mo0.3Nb0.1Re0.6,10.1,others
Co0.44Mo0.56,13.0,others
C0.46W0.54,9.0,others
Y1Ca1Ba4Cu5N0.3C0.7O14,82.0,cuprate
Cu0.5C0.5Ba2Ca3Cu4O11,117.0,cuprate
C0.6Mo4.8Si0.3,7.6,others
Cu0.5C0.5Ca3Cu2O6.6,57.0,cuprate
Hg0.85Re0.15Ba2Cu1O4.525,96.3,cuprate
La1.48Pr0.37Sr0.15Cu1O4,34.0,cuprate
Y1.4Th0.6C3.1,17.0,others
Y1.4Th0.6C2.4,15.4,others
La5B2C6,6.9,heavy-Fermion
C13La1,4.8,others
C14H10Sr1.5,5.6,others
Th1Ir1Si1,6.5,heavy-Fermion
C1Os2W3,2.9,others
C1S1,9.0,others
C22H14K3.3,18.0,others
Rb2.7Tl2.2C60,23.2,others
C2Pt1U2,1.47,others
Y2C2.9B0.1,16.4,others
Y0.47Er0.53Rh4B4,9.5,heavy-Fermion
Er0.46Ho0.54Rh4B4,7.32,heavy-Fermion
C60Ca5,8.4,others
C60Rb4,29.0,others
C60Sr4,4.4,others
C60Tb2.75,5.4,others
C60Yb2.75,3.8,others
C60Yb3.5,6.0,others
C6Ca1,11.302999999999999,others
C6I4O2,0.8,others
C70,7.0,others
C8K1,0.30475,others
K1Tl1.5C8,2.45,others
Hg1Sm1Pb2,5.9,heavy-Fermion
Rb1Cs2C60,33.0,others
Nd1Ba2Cu3O7.16,95.3,cuprate
Pr1Ba2Cu3O6.8,81.0,cuprate
Ca10Pt4.6Fe9.4As18,22.5,iron-based
Ca0.92La0.08Fe8.6Pd4.2As18,13.5,iron-based
Ca1.65Na0.35Cu1Br2O2,18.0,cuprate
Ca10Bi9.88,2.075,others
Ca10Fe8.2Pt4.8As18,38.0,iron-based
Ca10Ir4Fe10As18,17.35,iron-based
Ca10Pt0.78Fe9.22As18,9.96,iron-based
Ca10Pt5.8Fe8.2As18,33.65,iron-based
Ca14Cu24O40.93,8.0,cuprate
Sr0.4Ca13.6Cu24O41.84,10.0,cuprate
Nb3Si1Sn1V3,4.0,others
Ga0.5Mo5S6Sn1,13.3,others
Ca1Fe2.94Co0.06As2,17.0,iron-based
Hg3Zr1,3.28,others
Hg5Tl2,3.86,others
Ir2Nb3,9.8,others
K3N1H3C60,28.0,others
Lu1Ni0.91Co0.18B2C1,8.8,heavy-Fermion
Rb1Eu1Fe4As4,36.5,iron-based
Pu1Co0.1Rh0.9Ga5,10.2,heavy-Fermion
Ca1Rh1.2Sn4.5,8.7,others
Lu1Si3,6.78,heavy-Fermion
Tl0.58Rb0.42Fe1.72Se2,32.5,iron-based
Cs1.2Tl2.4C60,29.5,others
Pu1Co0.5Rh0.5Ga5,15.5,heavy-Fermion
Nb78.4Sn12.9Al2.2Ge6.5,13.3,others
Ca2.8Co0.2Rh4Sn13,7.73,others
Yb3Rh4Sn13,7.8333330000000005,heavy-Fermion
Ca24Al28O66,0.195,others
Lu2Ir3Si4.9Ge0.1,7.74,heavy-Fermion
Ga1Sr2Ca3Cu4O11.1,107.0,cuprate
Ca3Al2Fe2As2O5,30.2,iron-based
Ca4Al2Fe2P2O6,17.1,iron-based
La1Pt4Ge13,7.92,heavy-Fermion
La3Pd4Ge4,2.4933330000000002,heavy-Fermion
Ca3Rh8B2,4.0,others
Nd1Rh6B6,5.4,heavy-Fermion
Ca4Rh6Pb19,3.3,others
Sr3.1Ca5.9Bi0.4Y0.3Pb0.3Cu16.7O29,80.0,cuprate
Ca5.84Sr4.02Bi0.14Cu15.84O29,72.0,cuprate
Ca5.9Sr3.5Bi0.3Y0.1Pb0.1Al0.1Cu15.1O29,75.0,cuprate
Ca8.85La1.15Pt3Fe10As18,35.1,iron-based
Ca6.85Pr3.15Pt3Fe10As18,20.5,iron-based
Ca7.16Ce2.84Pt3Fe10As18,18.9,iron-based
Ca8.44La1.56Pt3Fe10As18,32.3,iron-based
Pr2Tl2Sr2Cu3O11,43.0,cuprate
Ca8.38Ce1.62Pt3Fe10As18,30.5,iron-based
Ca8Mg1.5Ti4.5Fe2As2O9.5,40.0,iron-based
Gd4Fe2As2Te0.92F0.8O3.2,45.0,iron-based
Tl1Sr2Ca0.4Tb0.6Cu2O7,62.0,cuprate
Dy1Ba1.5Sr0.5Cu3O6.9,86.3,cuprate
Ca9.5Yb0.5Pt3Fe10As18,11.6,iron-based
Tl0.47Rb0.34Fe1.63Se2,32.0,iron-based
Cd0.97Pd0.03,4.2,others
Pb0.9Yb0.1Mo6Se8,12.3,others
Cd1Sn1,3.65,others
Y0.5Cd0.5Ba2Cu3O7,93.2,cuprate
Cd2Re2O7,1.102857,others
Mo4Re2Te8,3.5,others
Ce0.01Y0.99,1.6,others
Tc0.44Th0.56,5.3,others
La1F0.5Bi1S2O0.5,9.25,others
La0.1Ce0.9Ru2,7.194,heavy-Fermion
La0.5Sm0.5Bi1S2F0.5O0.5,4.05,others
Ru1Sr2Gd1.4Ce0.6Cu2O10,45.0,cuprate
Ce1Co0.5Ru0.5In5,1.77,heavy-Fermion
Ce1Fe1As1H0.22O0.78,48.0,iron-based
Ce1Co1In4.9992Hg0.0008,2.254,heavy-Fermion
Ce1Ru2Sc1,6.2,heavy-Fermion
Ce1,0.85,others
Cu1.6Mo6S8,11.3,others
Ce1Bi3.4Pb0.6Te6,3.0,others
Ce1Bi3.5Pb0.5Te6,3.0,others
Cs0.96Bi4Te6,4.4,others
Ir1Mo3Nb3Pt1,6.13,others
Ce1Co2,1.1125,heavy-Fermion
Y0.4Cd0.6Ba2Cu3O7,91.7,cuprate
Ce1Co1In7.65Zn0.35,1.78,heavy-Fermion
Y1Ba2Cu2.5Fe0.5O7.413,80.0,cuprate
In3Sn1,5.5,others
Ir3Th1,4.71,heavy-Fermion
Ir5Th1,3.93,heavy-Fermion
Np1Pd5Al2,4.95,heavy-Fermion
Ce1Pt2In7,2.1,heavy-Fermion
La1Ru3Si2,7.316,heavy-Fermion
Ce2Rh1In8,0.8125,heavy-Fermion
La2Pt3Ge5,8.1,heavy-Fermion
Ce3Pt1In11,0.32,heavy-Fermion
Ir0.8Y0.2,3.66,others
Sc0.6V0.4,6.84,others
U6Fe0.5Co0.5,3.05,others
U6Mn0.5Fe0.5,2.86,others
Fe1U6,3.88875,heavy-Fermion
Mo0.16U0.84,2.121,others
Hf2Rh1,1.72,others
Lu3Si5,7.0,heavy-Fermion
Cu0.08Ti2Se2,3.95,others
Co3Y4,2.0333330000000003,others
Rh3Th7,2.15,heavy-Fermion
Co7Y9,2.85,others
Cr0.56Re0.44,5.1,others
Nb1Ru3,13.5,others
Sb1Ti3,5.611667,others
Cr2Re3B1,4.8,others
Cr2Ru1,2.02,others
Cr3Ru1,3.3,others
Rb2Cs1C60,31.15,others
Cs1,0.75,others
Cs2Rb1C60,33.0,others
Zr1Os1As1,8.0,others
In0.71V6S8,5.4,others
Rb2Cr3As3,4.8,others
Cs3Hg3.3C60,29.0,others
Nb3Ga0.5Zn0.5,16.4,others
Cu0.5P0.5Sr2Ca1.9Y0.1Cu3O9.3,84.0,cuprate
Cu0.5S0.5Sr2Ca2Cu3O12,100.0,cuprate
Pb1Mo6S4Se5,3.64,others
La1Fe0.4Zn0.6As1F0.15O0.85,24.6,others
Y1Ir2Rh2B4,8.92,others
Nb2Sn1Ta0.5V0.5,12.2,others
Cu0.7Nb0.3,9.39,others
Cu1.3K0.2Co1.5S4,4.4,others
Pb1Mo6S4Se4,3.2,others
Zr0.5Hf0.5V2,10.1,others
Cu3.5Sr2Ca2Cr0.5O9.55,103.0,cuprate
Cu2Sb1,0.085,others
Cu3Sb1,0.9205,others
Tm1.4Pr0.6Ba4Cu7O14.667,60.0,cuprate
La3Ca1Ba3Cu7O16.678,80.5,cuprate
Cu6Th1,0.2,heavy-Fermion
V0.5Sr2.6Ca5.4Cu7.5O17.3,73.0,cuprate
Tm1Ba2Cu3O6.65,92.5,cuprate
Dy1Ba2Cu3O6.75,94.0,cuprate
Dy1Ni0.74Bi1.78,4.2,heavy-Fermion
Dy1Ga6,2.95,heavy-Fermion
Lu5Ir3.1Rh0.9Si10,5.77,heavy-Fermion
Ho1Rh3Ru1B4,6.35,heavy-Fermion
Y2Ba4Cu7O14.97,93.1,cuprate
Dy2Ba4Cu7O14.61,29.0,cuprate
Y5Os4Si15,10.8,others
Dy5Os4Si15,3.5,heavy-Fermion
Lu0.75Th0.25Rh4B4,11.93,heavy-Fermion
Tb0.8Th0.2Fe1As1O1,52.0,iron-based
Er1Ba1Sr1Cu3O6.94,78.0,cuprate
Er0.97Pr0.03Ba2Cu3O7,93.9,cuprate
Lu1Rh1.2Sn4,4.0,heavy-Fermion
Er2Ba4Cu7O14.92,89.0,cuprate
Er2Fe3Si5,0.465,heavy-Fermion
Lu4Rh6Sn19,4.0,heavy-Fermion
Sn19Er4Rh6,1.32,heavy-Fermion
Y4Os6Sn19,2.5,others
Er5Os4Si15,5.5,heavy-Fermion
Eu1Fe2Se2,40.0,iron-based
Eu1Ba2Cu3O7.1,94.9,cuprate
Pb1Mo6S7Se1,8.4,others
Li0.8Fe1.2H1Se1,34.0,iron-based
Eu1,1.375,others
Tl1Sr1.5Eu0.5Ca1Cu2O7,88.0,cuprate
Y1La1Ba4Cu6O13.95,72.2,cuprate
Eu1.55La0.3Ce0.15Cu1O4,10.0,cuprate
Fe2As2Ca4Sc2.01Ti0.99O7.5,31.0,iron-based
Tl0.5Pb0.5Sr2Eu1.8Ce0.2Cu2O9,40.0,cuprate
Nb0.6Ru0.4Sr2Eu1.5Ce0.5Cu2O10,37.3,cuprate
Ru0.8Sr2Y1Cu2.2O8.1,65.0,cuprate
Eu2Ba4Cu7O14.671,75.0,cuprate
Nd1.8Cu1O4,31.3,cuprate
Eu2.17Ce0.5Sr1.33Cu2.5Co0.5O9.08,34.9,cuprate
Hg0.5Fe0.5Sr2Y0.4Ca0.6Cu2O6.67,77.5,cuprate
Rh0.53Se0.47,6.0,others
Tl1Sr1.5Dy0.5Ca1Cu2O7,80.0,cuprate
La1Er1Ba2Ca2Cu6O14.122,79.0,cuprate
Tl1Sr1.5Yb0.5Ca1Cu2O7,84.0,cuprate
Ho1Ba1Sr1Cu3O6.94,79.0,cuprate
Tm1Ba1Sr1Cu3O6.94,70.0,cuprate
Fe1Te0.4Se0.4,14.4,others
Fe2As2Ca4Mg0.75Ti2.25O7.5,42.5,iron-based
Sr2V1Fe1As1O2.9,40.0,iron-based
Sc0.5Lu0.5Ni2B2C1,15.6,others
Fe2As2Ba4Sc3O7.5,11.0,iron-based
Hg0.5Pb0.5Ba2Ca4Cu5O12.5,110.0,cuprate
Fe2As2Ca4Sc2Ti3O13,36.0,iron-based
Fe2As2Ca5Mg0.8Ti3.2O9.8,39.0,iron-based
Fe2As2Ca5Al1.5Ti1.5O9,15.0,iron-based
La1.5Nd0.5Ca1Ba2Cu4.95Mo0.05O11.345,76.0,cuprate
Sr4V2Fe2As2O6,31.5,iron-based
Fe2P2Sr4Sc2O6,17.0,iron-based
Nb4Ni1Si1,7.7,others
Ga1P1,8.25,others
Ga1Ta4Se8,5.8,others
Ga1V1,16.45,others
Ga1V4.5,9.15,others
Ga3Zr5,3.85,others
Nb5Sb4,8.6,others
Pb3Zr5,4.6,others
Ga41Mo8,9.7,others
Ga4Mo1,8.593333,others
Ga5V2,3.57,others
Ga6Tb1,2.5,heavy-Fermion
Ga7Pt3,2.9,others
Nb5Pt3,3.73,others
Ga9Ir2,2.225,others
Pr1.96Ce0.04Cu1O4,23.6,cuprate
Sm1.86Ce0.14Cu1O4,22.7,cuprate
Gd1Ba2Cu3O6.98,94.2,cuprate
Sm1Ba2Cu3O6.944,94.0,cuprate
Gd1.2Mo6Se8,5.6,others
La2.3Gd0.6Ca1.2Ba2.9Cu7O16.543,80.0,cuprate
Lu1Re1B1C1,6.1,heavy-Fermion
Sm1.45Gd0.4Ce0.15Cu1O3.97,19.2,cuprate
Pr4Fe2As2Te0.88O4,25.05,iron-based
Gd4Fe2As2Te0.9O4,25.0,iron-based
Ge0.3Cu0.7Sr2Ca2.9Y0.1Cu4O11.1,89.0,cuprate
Ge0.4Cu0.6Sr2Ca1.9Y0.1Cu3O9.3,90.0,cuprate
Ge0.5Cu0.5Sr2Ca1.9Y0.1Cu3O9.3,81.5,cuprate
Ge1U7,1.4,heavy-Fermion
Ge2Rh5,2.12,others
La3Te4,4.0275,others
Ge3U5,0.99,heavy-Fermion
Ge5La1,7.0,heavy-Fermion
Ge7Ir3,0.87,others
Li1Fe2Se2,44.0,iron-based
Li1Fe3Se2O2,42.8,iron-based
Nb0.7Fe1.55Se1.01S0.99,23.5,iron-based
Hf1V2H0.5,7.33,others
H15Th4,8.025,heavy-Fermion
H4Si1,17.0,others
Hf0.52Ta0.48,6.61,others
La1Os2,7.575,heavy-Fermion
Zr1P1.6S0.4,4.36,others
Re6Zr1,7.05,others
Na0.22Co1H1.8O2.85,4.45,others
Hf4K1,3.27,others
Hf5Re24,4.3,others
Hg0.2Cr0.8Sr2Cu1O4,53.6,cuprate
Hg0.5Fe0.5Sr2Y0.5Ca0.5Cu2O6.68,66.5,cuprate
Hg1.4Tl0.6Ba2Y0.5Ca0.5Cu2O7.74,84.0,cuprate
Tl0.5Ba2Ca1.5Be1.5Cu4.5O9.887,115.0,cuprate
Hg1Mg3,0.16,others
Pb2Cu0.9La1.1Cu2O6.28,33.4,cuprate
Hg1Sn6,5.1,others
Hg1Tl1Ba2Ca4Cu5O14,90.0,cuprate
Hg2Mg1,4.0,others
Hg4K1,3.27,others
Hg8K1,3.42,others
Lu0.85Pr0.15Ba2Cu3O7,89.7,cuprate
Ho1Ba2Cu3O6.71,92.9,cuprate
Ho1.8Dy0.2Ni2B2C1,6.6,heavy-Fermion
La1Os2Ru2P12,7.0,heavy-Fermion
Ho4Os6Sn19,1.4,heavy-Fermion
Ho5Os4Si15,4.5,heavy-Fermion
I2,1.2,others
I4Sn1,1.96,others
In3.3Mo15Se19,4.0,others
In2Mo15Se19,1.5,others
Mo6Se6Br2,6.7,others
Mo6Se6.5Te1.5,6.23,others
In4Sb1Te3,1.4,others
Tl1Mo3Te3,5.84,others
Os0.55V0.45,5.04,others
Ir0.33V2.67,1.39,others
Ir1Lu2,0.84,heavy-Fermion
Nb3Sn2,16.9,others
Ir1Zn2,0.78,others
La7Rh3,2.59,heavy-Fermion
Ir3Lu7,0.78,heavy-Fermion
Ir3Te8,1.8,others
K0.05Mo1O1.63,7.25,others
Li0.5Hf1N1Cl1,26.0,others
Li0.5Ti1N1Cl1,16.5,others
Li1Hf0.45Zr0.55N1Br1,19.0,others
Y2Fe1C4,3.6,others
K2.75Ba0.25C60,15.0,others
Na2.9Ba4.5Si46,3.5,others
K2Cs1C60,24.0,others
K2In1Mo15Se19,1.3,others
Y1Pt2B2C1,10.5,others
Pt0.52W0.48,1.35,others
Lu1Ba1Sr1Cu3O6.94,54.0,cuprate
La1Pt1.5Au0.6B2.4C1.2,11.0,heavy-Fermion
Tl1Sr1.5Sm0.5Ca1Cu2O7,86.0,cuprate
Y2C2Br0.5I1.5,11.6,others
La0.5Th0.5Ni2B2C1,3.9,others
La1.7Gd1.3Ca1Ba2.2Sr0.8Cu6.44In0.56O16.6,30.0,cuprate
Pb0.5Cd0.5Sr1.5Ba0.5Ca0.5Y0.5Cu2O7,49.0,cuprate
La2.5Y0.5Ca1Ba3Cu7Fe7O16.574,80.0,cuprate
La13Ga8Sb21,2.4,heavy-Fermion
La1Bi1S1Se1F0.5O0.5,3.78,others
Li0.84H1Fe1.14Se1O1,42.0,iron-based
La1Bi1Se2F0.5O0.5,3.2960000000000003,others
Th1In0.75Sn2.25,3.36,heavy-Fermion
La1Ir2Zn20,0.59,heavy-Fermion
La1Os1Ru3P12,7.0,heavy-Fermion
La1Ru4As12,10.3,heavy-Fermion
V75Ge12.5Sb12.49,4.71,others
Pt2Y1,2.835,others
La1Pt4Ge14,5.4,heavy-Fermion
La1Si10,6.7,heavy-Fermion
La2.1Yb0.2Ba2.1Ca0.4Cu5O11.802,47.0,cuprate
Pr1.48Gd0.37Ce0.15Cu1O4,14.5,cuprate
La3S4,6.725714,others
La2.5Gd0.5Ca1Ba3Cu7O16.359,80.0,cuprate
La2.5Y0.5Ca1Ba3Cu6.44Fe0.56O16.617,58.0,cuprate
La3.1Y0.2Ca0.4Ba3.3Cu7O16.529,55.0,cuprate
La3Se4,8.326,others
La3Ni2B2N3,13.0325,heavy-Fermion
Mo6S6Br2,13.4,others
La2Sn5,5.4,heavy-Fermion
La3.1Gd0.2Ca0.4Ba3.3Cu7O16.473,48.0,cuprate
La3Ca0.5Cd0.5Ba3Cu7O16.375,59.0,cuprate
La3Co2Ru2Sn13,4.0,heavy-Fermion
La3Co4Sn12.35In0.65,5.1,heavy-Fermion
La3Ni4Si4,0.48,heavy-Fermion
La3Ni4P4O2,2.2,others
Y1Pd4.2B3C0.3,24.0,others
La3Rh4Pb13,2.2,heavy-Fermion
La3Ru1Pd3Ge13,4.8,heavy-Fermion
Y3Os8B6,5.8,others
La3Ru8B6,3.15,heavy-Fermion
La3Sb3Y1,0.13,heavy-Fermion
La3Sc4,8.6,heavy-Fermion
Sb3Zr5,1.5,others
La5.8Y0.4Ca0.8Ba3.1Cu7O16.548,74.0,cuprate
La6Zn1Sb15,3.74,heavy-Fermion
La7Ni3,2.1,heavy-Fermion
La9Br5B3C6,6.0,heavy-Fermion
Li0.33V2O5,8.5,others
Li0.48C1.6H3.2O0.4Hf1N1Cl1,25.5,others
Y1Ba2Cu3Li0.5O7,83.79,cuprate
Li0.62Cs1Ca2Nb3O10,4.71,others
N4H12Na2Cs1C60,29.6,others
Li0.62Rb1Ca2Nb3O10,2.705,others
Li1Ti1.91Cu0.09O4,14.4,others
Li0.9Mg0.1,11.0,others
Li0.9Mo6O17,2.891667,others
Li1Hf1N1Br1,24.1,others
Li1Hf0.5Zr0.5N1Cl1,21.0,others
Li1Hf1N1I1,22.2,others
Li2.6Ti1.7O4,11.4,others
Li2.6Ti2.7O4,10.9,others
Li2Na1N1C60,12.0,others
Y1Pd2B2C1,22.6,others
Li2Cs1C60,12.0,others
Sc5Rh4Si10,8.405,others
Lu0.5Th0.5Os3B2,4.14,others
Lu2.5Sc2.5Ir4Si10,7.915,heavy-Fermion
Lu1Sc4Ir4Si10,7.655,heavy-Fermion
Lu2Ir3Si4.5Ge0.5,5.2,heavy-Fermion
Lu2Ir3Si4.25Ge0.75,4.6,heavy-Fermion
Lu3.5Sc1.5Ir4Si10,7.665,heavy-Fermion
Lu3Os4Ge13,3.6,heavy-Fermion
Lu5Ir4Si8Ge2,6.6,heavy-Fermion
Sc0.9Y0.1Ni2B2C1,15.1,others
Lu4.75Sc0.25Ir4Si10,6.06,heavy-Fermion
Lu4Co6Sn19,1.5,heavy-Fermion
Lu4Ir6Sn19,3.2,heavy-Fermion
Y5Os4Ge10,8.946667,others
Lu5Ir4Si6Ge4,5.1,heavy-Fermion
Nb76Sn2.4Al19.2Ge2.4,16.0,others
Mg9.3Ir19B16.7,5.8,others
Mg10.5Ir19B17.1,4.8,others
Mg12Ir19B16,4.3,others
Mg10Ir19B16,4.0875,others
Mg1B1.4Be0.6,8.3,others
Mo6Pb1S7,14.0,others
Mg1Pt0.5Au0.5Si1,2.9,others
Mg2Zn11,0.88,others
Mg4Al1Si3,5.2,others
Mg4Ni6B2,4.0,others
Mg7Zn3,0.28,others
Mn0.67Ni0.33U6,2.7,heavy-Fermion
Mo0.25Tc0.75,15.8,others
Mo0.15Pa0.85,3.08,others
Mo15Se19,4.3,others
Mo1Re4,7.85,others
Mo1Sr2Eu1.5Ce1Cu2O10,23.0,cuprate
Sm1.5Ce0.5Sr2Cu2Nb1O10,25.0,cuprate
Mo1Sr2Y0.8Ca0.2Cu2O8,26.0,cuprate
Mo3Sb7,2.97,others
Mo6Se7.7Te0.3,6.66,others
Tl0.45Bi0.46Mo6S7.5,6.41,others
Mo6Se5Br3,7.1,others
Mo6Se5Cl3,5.7,others
Mo6Se5I3,4.2,others
Mo6Se6.5Cl1.5,6.49,others
Mo6Se7Cl1,6.52,others
Mo6Te5I3,2.4,others
Mo7Re13B1,8.3,others
Mo8P5,5.8,others
S1,13.0,others
N0.62Pt0.38,4.21,others
N0.74H2.22Na1Rb2C60,17.0,others
N0.72H2.16Na1K3C60,12.0,others
N0.84H2.52Na1K2C60,13.0,others
N12.8Nb1,16.1,others
N5Nb4,8.5,others
Na0.346Co1H2.6O3.3,4.81,others
Na0.4H3.6Pb1.14S5.14Ta2O1.8,3.7,others
Sr1.4Ba0.6Cu1F2O2,64.0,cuprate
Na0.65H5Sn1.16S5.16Ta2O2.5,4.0,others
Pb1Mo6S5Se3,4.3,others
Na0.6Sn1Ta2S5,4.0,others
Na3N1C60,14.7,others
Na2Rb0.5Cs0.5C60,8.2,others
Na4H4C60,15.0,others
Nb0.6Ru0.6Sr2Eu1.5Ce0.5Cu2O10,41.4,cuprate
O1Sn1,3.81,others
Nb1Tc3,10.5,others
Nb2Pd1S3Se2,1.17,others
Nb3.2Al0.24Ge0.4,10.2,others
Nb50.35Zr44.45Mo5.2,9.9,others
Nb6Sn5,2.435,others
Nb76.3Sn7.1Al14.3Ge2.3,13.9,others
Nb77.5Sn5.6Al11.3Ge5.6,15.2,others
Nb78.1Sn7.3Al7.3Ge7.3,12.5,others
Nb78.5Sn2.2Al9.6Ge9.6,12.7,others
Nb79.2Sn5.2Al5.2Ge10.4,10.9,others
Nb80.7Sn1.9Al1.9Ge15.5,7.8,others
Nb80Ga19.4Fe0.06,16.2,others
Nb80Ga19.7Fe0.03,17.3,others
Nd2Ba4Cu7O14.525,66.0,cuprate
Nd1.5Ce0.5Sr2Nb1Cu2O10,28.0,cuprate
Nd1.5Ce0.5Sr2Ta1Cu2O10,25.0,cuprate
Nd1.72Ta3.28S2,4.3,others
Ni0.5V0.16Zr0.34,0.43,others
Ni1Sm1,1.6,heavy-Fermion
Ni2.5Cu1.5Zr8,1.09,others
Os1W3,3.0,others
O2,0.65,others
Os10,0.478,others
Os3Th7,1.51,heavy-Fermion
P3Pd7,0.85,others
P4W14O50,0.39,others
Yb0.8Fe2Se2,42.0,iron-based
Pb0.5Cd0.5Sr1.6Ba0.4Ca0.5Y0.5Cu2O7,36.0,cuprate
Pb0.5Cd0.5Sr2Tb0.5Ca0.5Cu2O7,19.0,cuprate
Tl1Sr1.5Tb0.5Ca1Cu2O7,80.0,cuprate
Pb0.5Yb0.5Mo6Se8,8.7,others
Pb1Mo6S1Se7,7.13,others
Pb1Mo6S2Se6,4.92,others
Pb1Te1Yb1S1,5.93,others
Pb2Sr2Y0.61Ca0.39Cu3O8,77.0,cuprate
Pb3.9Ag1.1Bi6Se14,1.7,others
Pb4Pt1,2.8,others
Pd0.4Ho1Te3,2.8,others
Pd17Se15,1.1,others
Tm1Rh4B4,8.888,heavy-Fermion
Pd34Se11,2.66,others
Pd4Se1,0.21,others
Pd6Se1,0.66,others
Pd9Se2,0.67,others
Pr1Os3.4Ru0.6Sb12,1.53,heavy-Fermion
Y4Dy1Os4Ge10,6.9,heavy-Fermion
Pr1Pt4Ge11Sb1,2.68,heavy-Fermion
Pr1Pt4Ge8Sb4,1.4,heavy-Fermion
Pr1Pt4Ge9Sb3,1.4,heavy-Fermion
Y1V2Al20,0.69,others
Pr2Ba4Cu7O14.06,30.5,cuprate
Pt1V3.5,1.26,others
Pt2Y8,0.9,others
Pt3Y7,0.82,others
Pt5Th1,3.13,heavy-Fermion
Pu1Co1Ga5,18.5,heavy-Fermion
Re1Ti1O5,5.71,others
Re24Sc5,2.2,others
Re24Ti6,6.6,others
Rh0.36Se0.64,6.0,others
Rh16Ir1S15,4.08,others
Rh15Ir2S15,3.5,others
Rh17S15,5.52,others
S8V6,0.76,others
Sc2Fe3Si5,4.57,others
Sc4.5Dy0.5Ir4Si10,6.95,others
Sc4Rh6Sn19,3.2,others
Sc4Rh6Ge19,1.9,others
Si10.9V3C0.1,16.4,others
Si21.75V69.43,16.2,others
Si22.5V75,16.1,others
Si23.8V74.65,16.5,others
Si3Sr2,0.55,others
Si3W5,2.7,others
Sm4Fe2As2Te0.72F1.2O2.8,40.0,iron-based
Sm4Fe2As2Te0.92O4,25.0,iron-based
Y5Rh6Sn18,3.14,others
Sn1Zr4,0.92,others
Sn99.2In0.4Sb0.4,3.6689999999999996,others
Sr1,3.5375,others
Sr1Sn3Sb4,3.9,others
Sr2Ca2Cu3F3.2O6.2,111.0,cuprate
Sr2Ca3Cu4F3.8O8,95.0,cuprate
Sr2Mg0.3Ti0.7Fe1As1O3,36.7,iron-based
Sr2Mg0.5Ti0.5Fe0.95Co0.05As1O3,26.2,iron-based
Sr2Nd0.5Ca0.5Cu2F1O5,70.9,cuprate
Sr3Ir4Sn13,5.016667,others
Ta4Pd3Te16,4.38,others
Ta5Ge1B2,3.8,others
Tb1Ni0.74Bi1.9,4.2,heavy-Fermion
Tb4Os6Sn19,1.4,heavy-Fermion
Tb5Os4Si15,3.2,heavy-Fermion
Tc6Zr1,9.7,others
Te3Tl5,2.144,others
Th3Os4Ge13,5.6,heavy-Fermion
Th3Ni5C5,5.0,others
Th7Fe0.72Co2.28,2.27,heavy-Fermion
Tl0.25Li0.25Ba2Ca2Cu2.5Si1O7.853,113.0,cuprate
Tl0.5Ba2Ca0.3Be1.7Cu3.5O7.685,115.0,cuprate
Tl0.5Ba2Ca1.3Be0.7Cu3.5O7.886,95.0,cuprate
Tl0.5Pb0.5Sr4Cu2C0.5N0.5O7,70.0,cuprate
Tl0.76Ba1Cu1O4.5,86.0,cuprate
Tl1.75Cd0.25Ba2Cu1O6,88.0,cuprate
Tl1Sr1.5Lu0.5Ca1Cu2O7,82.0,cuprate
Tl1Sr2Ba2Cu2C2.4N0.6O7,49.0,cuprate
Tl1Sr2Ba2Cu2C2.7N0.3O7,49.0,cuprate
Tm1.4Y3.6Rh6Sn18,3.14,heavy-Fermion
Tm2Ba4Cu7O14.732,88.0,cuprate
Tm1.83Ca0.17Cu1O3.99,30.0,cuprate
Y4Os4Si13,9.8,others
Tm4Os4Si13,2.6,heavy-Fermion
Tm4Y1Rh6Sn18,2.61,heavy-Fermion
Tm5Rh6Sn18,2.22,heavy-Fermion
Tm5Rh4.8Co1.2Sn18,1.97,heavy-Fermion
U1Pd2Al2.4Ga0.6,0.33,heavy-Fermion
V66.6Zr33.3,9.64,others
W4.8Ta0.2Si1B2,6.5,others
W7Re13C1,7.3,others
Y1.5Th0.5C3,16.7,others
Zn1Tl0.78Ba1Cu1O4.5,81.0,cuprate
Y1Ba2Cu2.4Ni0.6O6.94,66.0,cuprate
Y1Ba2Cu3Br0.9O6.2,92.0,cuprate
Y1Ni1.3Pd0.7B2C1,12.1,others
Y1Sr2Nb0.9Cu2.1O7.9,27.0,cuprate
Y3.25Dy1.75Os4Ge10,5.2,heavy-Fermion
Y2.5Dy2.5Os4Ge10,3.8,heavy-Fermion
Y2Br0.5Cl1.5C2,3.25,others
Y2I1.6Br0.4C2,11.2,others
Y2Pd1Ge2.5Si0.5,3.3,others
Y4Ru6Sn19,1.3,others
Y6Nb4Al43,0.86,others
Zr0.12N1Cl1,12.7,others
Zr28.4V56.8Nb14.8,8.56,others
Zr33.3V45.5Nb21.12,4.36,others
Zr33.3V59.25Nb7.35,6.3,others
Zr33.3V61.8Nb4.8,6.13,others
